﻿<?xml version="1.0" encoding="utf-8"?>
<!--DO NOT EDIT. This document is generated by PSoC Creator design builds.-->
<PSoCCreatorIdeExport Version="1">
  <Device Part="CY8C4247LQI-BL483" Processor="CortexM0" DeviceID="E34119E" />
  <Toolchains>
    <Toolchain Name="ARM GCC Generic" Selected="True">
      <Tool Name="prebuild" Command="" Options="" />
      <Tool Name="assembler" Command="arm-none-eabi-as.exe" Options="-mcpu=cortex-m0 -mthumb -I. -IGenerated_Source\PSoC4 -alh=${OutputDir}/${CompileFile}.lst -g -W" />
      <Tool Name="compiler" Command="arm-none-eabi-gcc.exe" Options="-mcpu=cortex-m0 -mthumb -I. -IGenerated_Source\PSoC4 -Wa,-alh=${OutputDir}/${CompileFile}.lst -g -D DEBUG -Wall -ffunction-sections -Og -ffat-lto-objects" />
      <Tool Name="linker" Command="arm-none-eabi-gcc.exe" Options="-mcpu=cortex-m0 -mthumb -g -ffunction-sections -Og -ffat-lto-objects -L Generated_Source\PSoC4 -Wl,-Map,${OutputDir}/${ProjectShortName}.map -T &quot;C:\Users\Phuc\Desktop\Yes Bike - Final Files\YesBike\Design01.cydsn\Generated_Source\PSoC4\cm0gcc.ld&quot; -specs=nano.specs -Wl,--gc-sections" />
      <Tool Name="postbuild" Command="" Options="" />
    </Toolchain>
    <Toolchain Name="ARM MDK Generic" Selected="False">
      <Tool Name="prebuild" Command="" Options="" />
      <Tool Name="assembler" Command="armasm.exe" Options="--cpu=Cortex-M0 --diag_style=gnu --thumb -i. -iGenerated_Source\PSoC4 -g --list=${OutputDir}/${CompileFile}.lst" />
      <Tool Name="compiler" Command="armcc.exe" Options="--cpu=Cortex-M0 --diag_style=gnu -I. -IGenerated_Source\PSoC4 --list --signed_chars -g -D DEBUG -O0 --split_sections" />
      <Tool Name="linker" Command="armlink.exe" Options="--cpu=Cortex-M0 --diag_style=gnu --no_startup --library_type=microlib --map --list ${OutputDir}/${ProjectShortName}.map --scatter &quot;C:\Users\Phuc\Desktop\Yes Bike - Final Files\YesBike\Design01.cydsn\Generated_Source\PSoC4\Cm0RealView.scat&quot;" />
      <Tool Name="postbuild" Command="" Options="" />
    </Toolchain>
    <Toolchain Name="ARM IAR Generic" Selected="False">
      <Tool Name="prebuild" Command="" Options="" />
      <Tool Name="assembler" Command="iasmarm.exe" Options="--cpu Cortex-M0 -I. -IGenerated_Source\PSoC4 -s+ -M&lt;&gt; -w+ -r -DDEBUG --fpu None" />
      <Tool Name="compiler" Command="iccarm.exe" Options="--cpu Cortex-M0 -I. -IGenerated_Source\PSoC4 -D DEBUG --no_cse --no_unroll --no_inline --no_code_motion --no_tbaa --no_clustering --no_scheduling --debug --endian=little -e --fpu=None -On --no_wrap_diagnostics" />
      <Tool Name="linker" Command="ilinkarm.exe" Options="--semihosting --entry __iar_program_start --config Generated_Source\PSoC4\Cm0Iar.icf" />
      <Tool Name="postbuild" Command="" Options="" />
    </Toolchain>
  </Toolchains>
  <Project Name="Design01" Path="C:\Users\Phuc\Desktop\Yes Bike - Final Files\YesBike\Design01.cydsn" Version="5.50" Type="Normal">
    <CMSIS_SVD_File>Design01.svd</CMSIS_SVD_File>
    <Datasheet />
    <LinkerFiles>
      <LinkerFile Toolchain="ARM GCC Generic">.\Generated_Source\PSoC4\cm0gcc.ld</LinkerFile>
      <LinkerFile Toolchain="ARM MDK Generic">.\Generated_Source\PSoC4\Cm0RealView.scat</LinkerFile>
      <LinkerFile Toolchain="ARM IAR Generic">.\Generated_Source\PSoC4\Cm0Iar.icf</LinkerFile>
    </LinkerFiles>
    <Folders>
      <Folder BuildType="STRICT" Path="C:\Users\Phuc\Desktop\Yes Bike - Final Files\YesBike\Design01.cydsn">
        <Files Root="C:\Users\Phuc\Desktop\Yes Bike - Final Files\YesBike\Design01.cydsn">
          <File BuildType="BUILD" Toolchain="">main.c</File>
          <File BuildType="BUILD" Toolchain="">i2c.c</File>
          <File BuildType="BUILD" Toolchain="">cyapicallbacks.h</File>
          <File BuildType="BUILD" Toolchain="">i2c.h</File>
        </Files>
      </Folder>
      <Folder BuildType="STRICT" Path="C:\Users\Phuc\Desktop\Yes Bike - Final Files\YesBike\Design01.cydsn\Generated_Source\PSoC4">
        <Files Root="C:\Users\Phuc\Desktop\Yes Bike - Final Files\YesBike\Design01.cydsn">
          <File BuildType="BUILD" Toolchain="">Generated_Source\PSoC4\cyfitter_cfg.h</File>
          <File BuildType="BUILD" Toolchain="">Generated_Source\PSoC4\cyfitter_cfg.c</File>
          <File BuildType="BUILD" Toolchain="">Generated_Source\PSoC4\cymetadata.c</File>
          <File BuildType="BUILD" Toolchain="">Generated_Source\PSoC4\cydevice_trm.h</File>
          <File BuildType="BUILD" Toolchain="">Generated_Source\PSoC4\cydevicegnu_trm.inc</File>
          <File BuildType="BUILD" Toolchain="">Generated_Source\PSoC4\cydevicerv_trm.inc</File>
          <File BuildType="BUILD" Toolchain="">Generated_Source\PSoC4\cydeviceiar_trm.inc</File>
          <File BuildType="BUILD" Toolchain="">Generated_Source\PSoC4\cyfittergnu.inc</File>
          <File BuildType="BUILD" Toolchain="">Generated_Source\PSoC4\cyfitterrv.inc</File>
          <File BuildType="BUILD" Toolchain="">Generated_Source\PSoC4\cyfitteriar.inc</File>
          <File BuildType="BUILD" Toolchain="">Generated_Source\PSoC4\cyfitter.h</File>
          <File BuildType="BUILD" Toolchain="">Generated_Source\PSoC4\cydisabledsheets.h</File>
          <File BuildType="BUILD" Toolchain="">Generated_Source\PSoC4\ble_gatt.h</File>
          <File BuildType="BUILD" Toolchain="">Generated_Source\PSoC4\ble.h</File>
          <File BuildType="BUILD" Toolchain="">Generated_Source\PSoC4\ble.c</File>
          <File BuildType="BUILD" Toolchain="">Generated_Source\PSoC4\ble_gatt.c</File>
          <File BuildType="BUILD" Toolchain="">Generated_Source\PSoC4\ble_eventHandler.c</File>
          <File BuildType="BUILD" Toolchain="">Generated_Source\PSoC4\ble_HAL_INT.c</File>
          <File BuildType="BUILD" Toolchain="">Generated_Source\PSoC4\ble_HAL_PVT.c</File>
          <File BuildType="BUILD" Toolchain="">Generated_Source\PSoC4\ble_HAL_PVT.h</File>
          <File BuildType="BUILD" Toolchain="">Generated_Source\PSoC4\ble_STACK_PVT.h</File>
          <File BuildType="BUILD" Toolchain="">Generated_Source\PSoC4\ble_StackGap.h</File>
          <File BuildType="BUILD" Toolchain="">Generated_Source\PSoC4\ble_StackGatt.h</File>
          <File BuildType="BUILD" Toolchain="">Generated_Source\PSoC4\ble_StackGattDb.h</File>
          <File BuildType="BUILD" Toolchain="">Generated_Source\PSoC4\ble_StackHostMain.h</File>
          <File BuildType="BUILD" Toolchain="">Generated_Source\PSoC4\ble_StackL2cap.h</File>
          <File BuildType="BUILD" Toolchain="">Generated_Source\PSoC4\ble_StackGattServer.h</File>
          <File BuildType="BUILD" Toolchain="">Generated_Source\PSoC4\ble_StackGattClient.h</File>
          <File BuildType="BUILD" Toolchain="">Generated_Source\PSoC4\ble_Stack.h</File>
          <File BuildType="BUILD" Toolchain="">Generated_Source\PSoC4\ble_eventHandler.h</File>
          <File BuildType="BUILD" Toolchain="">Generated_Source\PSoC4\ble_custom.h</File>
          <File BuildType="BUILD" Toolchain="">Generated_Source\PSoC4\ble_custom.c</File>
          <File BuildType="BUILD" Toolchain="">Generated_Source\PSoC4\red.c</File>
          <File BuildType="BUILD" Toolchain="">Generated_Source\PSoC4\red.h</File>
          <File BuildType="BUILD" Toolchain="">Generated_Source\PSoC4\red_aliases.h</File>
          <File BuildType="BUILD" Toolchain="">Generated_Source\PSoC4\red_PM.c</File>
          <File BuildType="BUILD" Toolchain="">Generated_Source\PSoC4\green.c</File>
          <File BuildType="BUILD" Toolchain="">Generated_Source\PSoC4\green.h</File>
          <File BuildType="BUILD" Toolchain="">Generated_Source\PSoC4\green_aliases.h</File>
          <File BuildType="BUILD" Toolchain="">Generated_Source\PSoC4\green_PM.c</File>
          <File BuildType="BUILD" Toolchain="">Generated_Source\PSoC4\blue.c</File>
          <File BuildType="BUILD" Toolchain="">Generated_Source\PSoC4\blue.h</File>
          <File BuildType="BUILD" Toolchain="">Generated_Source\PSoC4\blue_aliases.h</File>
          <File BuildType="BUILD" Toolchain="">Generated_Source\PSoC4\blue_PM.c</File>
          <File BuildType="BUILD" Toolchain="">Generated_Source\PSoC4\isr_1.c</File>
          <File BuildType="BUILD" Toolchain="">Generated_Source\PSoC4\isr_1.h</File>
          <File BuildType="BUILD" Toolchain="">Generated_Source\PSoC4\Timer_1.c</File>
          <File BuildType="BUILD" Toolchain="">Generated_Source\PSoC4\Timer_1.h</File>
          <File BuildType="BUILD" Toolchain="">Generated_Source\PSoC4\Timer_1_PM.c</File>
          <File BuildType="BUILD" Toolchain="">Generated_Source\PSoC4\Timer_ISR.c</File>
          <File BuildType="BUILD" Toolchain="">Generated_Source\PSoC4\Timer_ISR.h</File>
          <File BuildType="BUILD" Toolchain="">Generated_Source\PSoC4\Clock_2.c</File>
          <File BuildType="BUILD" Toolchain="">Generated_Source\PSoC4\Clock_2.h</File>
          <File BuildType="BUILD" Toolchain="">Generated_Source\PSoC4\I2C_1.c</File>
          <File BuildType="BUILD" Toolchain="">Generated_Source\PSoC4\I2C_1.h</File>
          <File BuildType="BUILD" Toolchain="">Generated_Source\PSoC4\I2C_1_I2C.h</File>
          <File BuildType="BUILD" Toolchain="">Generated_Source\PSoC4\I2C_1_I2C_INT.c</File>
          <File BuildType="BUILD" Toolchain="">Generated_Source\PSoC4\I2C_1_I2C.c</File>
          <File BuildType="BUILD" Toolchain="">Generated_Source\PSoC4\I2C_1_I2C_BOOT.c</File>
          <File BuildType="BUILD" Toolchain="">Generated_Source\PSoC4\I2C_1_I2C_MASTER.c</File>
          <File BuildType="BUILD" Toolchain="">Generated_Source\PSoC4\I2C_1_PM.c</File>
          <File BuildType="BUILD" Toolchain="">Generated_Source\PSoC4\I2C_1_BOOT.c</File>
          <File BuildType="BUILD" Toolchain="">Generated_Source\PSoC4\I2C_1_PINS.h</File>
          <File BuildType="BUILD" Toolchain="">Generated_Source\PSoC4\I2C_1_I2C_PVT.h</File>
          <File BuildType="BUILD" Toolchain="">Generated_Source\PSoC4\I2C_1_PVT.h</File>
          <File BuildType="BUILD" Toolchain="">Generated_Source\PSoC4\I2C_1_BOOT.h</File>
          <File BuildType="BUILD" Toolchain="">Generated_Source\PSoC4\Pin_4.c</File>
          <File BuildType="BUILD" Toolchain="">Generated_Source\PSoC4\Pin_4.h</File>
          <File BuildType="BUILD" Toolchain="">Generated_Source\PSoC4\Pin_4_aliases.h</File>
          <File BuildType="BUILD" Toolchain="">Generated_Source\PSoC4\Pin_4_PM.c</File>
          <File BuildType="BUILD" Toolchain="">Generated_Source\PSoC4\Clock_1.c</File>
          <File BuildType="BUILD" Toolchain="">Generated_Source\PSoC4\Clock_1.h</File>
          <File BuildType="BUILD" Toolchain="">Generated_Source\PSoC4\Pin_2.c</File>
          <File BuildType="BUILD" Toolchain="">Generated_Source\PSoC4\Pin_2.h</File>
          <File BuildType="BUILD" Toolchain="">Generated_Source\PSoC4\Pin_2_aliases.h</File>
          <File BuildType="BUILD" Toolchain="">Generated_Source\PSoC4\Pin_2_PM.c</File>
          <File BuildType="BUILD" Toolchain="">Generated_Source\PSoC4\PWM_2.c</File>
          <File BuildType="BUILD" Toolchain="">Generated_Source\PSoC4\PWM_2.h</File>
          <File BuildType="BUILD" Toolchain="">Generated_Source\PSoC4\PWM_2_PM.c</File>
          <File BuildType="BUILD" Toolchain="">Generated_Source\PSoC4\PWM_1.c</File>
          <File BuildType="BUILD" Toolchain="">Generated_Source\PSoC4\PWM_1.h</File>
          <File BuildType="BUILD" Toolchain="">Generated_Source\PSoC4\PWM_1_PM.c</File>
          <File BuildType="BUILD" Toolchain="">Generated_Source\PSoC4\Pin_1.c</File>
          <File BuildType="BUILD" Toolchain="">Generated_Source\PSoC4\Pin_1.h</File>
          <File BuildType="BUILD" Toolchain="">Generated_Source\PSoC4\Pin_1_aliases.h</File>
          <File BuildType="BUILD" Toolchain="">Generated_Source\PSoC4\Pin_1_PM.c</File>
          <File BuildType="BUILD" Toolchain="">Generated_Source\PSoC4\Clock_3.c</File>
          <File BuildType="BUILD" Toolchain="">Generated_Source\PSoC4\Clock_3.h</File>
          <File BuildType="BUILD" Toolchain="">Generated_Source\PSoC4\isr_2.c</File>
          <File BuildType="BUILD" Toolchain="">Generated_Source\PSoC4\isr_2.h</File>
          <File BuildType="BUILD" Toolchain="">Generated_Source\PSoC4\Pin_5.c</File>
          <File BuildType="BUILD" Toolchain="">Generated_Source\PSoC4\Pin_5.h</File>
          <File BuildType="BUILD" Toolchain="">Generated_Source\PSoC4\Pin_5_aliases.h</File>
          <File BuildType="BUILD" Toolchain="">Generated_Source\PSoC4\Pin_5_PM.c</File>
          <File BuildType="BUILD" Toolchain="">Generated_Source\PSoC4\ble_bless_isr.c</File>
          <File BuildType="BUILD" Toolchain="">Generated_Source\PSoC4\ble_bless_isr.h</File>
          <File BuildType="BUILD" Toolchain="">Generated_Source\PSoC4\I2C_1_SCBCLK.c</File>
          <File BuildType="BUILD" Toolchain="">Generated_Source\PSoC4\I2C_1_SCBCLK.h</File>
          <File BuildType="BUILD" Toolchain="">Generated_Source\PSoC4\I2C_1_sda.c</File>
          <File BuildType="BUILD" Toolchain="">Generated_Source\PSoC4\I2C_1_sda.h</File>
          <File BuildType="BUILD" Toolchain="">Generated_Source\PSoC4\I2C_1_sda_aliases.h</File>
          <File BuildType="BUILD" Toolchain="">Generated_Source\PSoC4\I2C_1_sda_PM.c</File>
          <File BuildType="BUILD" Toolchain="">Generated_Source\PSoC4\I2C_1_scl.c</File>
          <File BuildType="BUILD" Toolchain="">Generated_Source\PSoC4\I2C_1_scl.h</File>
          <File BuildType="BUILD" Toolchain="">Generated_Source\PSoC4\I2C_1_scl_aliases.h</File>
          <File BuildType="BUILD" Toolchain="">Generated_Source\PSoC4\I2C_1_scl_PM.c</File>
          <File BuildType="BUILD" Toolchain="">Generated_Source\PSoC4\I2C_1_SCB_IRQ.c</File>
          <File BuildType="BUILD" Toolchain="">Generated_Source\PSoC4\I2C_1_SCB_IRQ.h</File>
          <File BuildType="BUILD" Toolchain="ARM GCC Generic">Generated_Source\PSoC4\cm0gcc.ld</File>
          <File BuildType="BUILD" Toolchain="ARM MDK Generic">Generated_Source\PSoC4\Cm0RealView.scat</File>
          <File BuildType="BUILD" Toolchain="">Generated_Source\PSoC4\Cm0Start.c</File>
          <File BuildType="BUILD" Toolchain="">Generated_Source\PSoC4\core_cm0.h</File>
          <File BuildType="BUILD" Toolchain="">Generated_Source\PSoC4\core_cm0_psoc4.h</File>
          <File BuildType="BUILD" Toolchain="ARM GCC Generic">Generated_Source\PSoC4\CyBootAsmGnu.s</File>
          <File BuildType="BUILD" Toolchain="ARM MDK Generic">Generated_Source\PSoC4\CyBootAsmRv.s</File>
          <File BuildType="BUILD" Toolchain="">Generated_Source\PSoC4\CyFlash.c</File>
          <File BuildType="BUILD" Toolchain="">Generated_Source\PSoC4\CyFlash.h</File>
          <File BuildType="BUILD" Toolchain="">Generated_Source\PSoC4\CyLib.c</File>
          <File BuildType="BUILD" Toolchain="">Generated_Source\PSoC4\CyLib.h</File>
          <File BuildType="BUILD" Toolchain="">Generated_Source\PSoC4\cyPm.c</File>
          <File BuildType="BUILD" Toolchain="">Generated_Source\PSoC4\cyPm.h</File>
          <File BuildType="BUILD" Toolchain="">Generated_Source\PSoC4\cytypes.h</File>
          <File BuildType="BUILD" Toolchain="">Generated_Source\PSoC4\cyutils.c</File>
          <File BuildType="BUILD" Toolchain="">Generated_Source\PSoC4\cypins.h</File>
          <File BuildType="BUILD" Toolchain="">Generated_Source\PSoC4\core_cmFunc.h</File>
          <File BuildType="BUILD" Toolchain="">Generated_Source\PSoC4\core_cmInstr.h</File>
          <File BuildType="BUILD" Toolchain="ARM IAR Generic">Generated_Source\PSoC4\Cm0Iar.icf</File>
          <File BuildType="BUILD" Toolchain="ARM IAR Generic">Generated_Source\PSoC4\CyBootAsmIar.s</File>
          <File BuildType="BUILD" Toolchain="">Generated_Source\PSoC4\cmsis_armcc.h</File>
          <File BuildType="BUILD" Toolchain="">Generated_Source\PSoC4\cmsis_gcc.h</File>
          <File BuildType="BUILD" Toolchain="">Generated_Source\PSoC4\CyLFClk.c</File>
          <File BuildType="BUILD" Toolchain="">Generated_Source\PSoC4\CyLFClk.h</File>
          <File BuildType="BUILD" Toolchain="">Generated_Source\PSoC4\project.h</File>
          <File BuildType="BUILD" Toolchain="">Generated_Source\PSoC4\cycodeshareimport.ld</File>
          <File BuildType="BUILD" Toolchain="">Generated_Source\PSoC4\cycodeshareexport.ld</File>
          <File BuildType="BUILD" Toolchain="">Generated_Source\PSoC4\cycodeshareimport.scat</File>
        </Files>
      </Folder>
      <Folder BuildType="STRICT" Path="C:\Users\Phuc\Desktop\Yes Bike - Final Files\YesBike\Design01.cydsn\Export\ARM_GCC_Generic\BLE_v3_10">
        <Files Root="C:\Users\Phuc\Desktop\Yes Bike - Final Files\YesBike\Design01.cydsn">
          <File BuildType="BUILD" Toolchain="ARM GCC Generic">.\Export\ARM_GCC_Generic\BLE_v3_10\gccCyBLEStack_BLE_SOC_PERIPHERAL.a</File>
        </Files>
      </Folder>
      <Folder BuildType="STRICT" Path="C:\Users\Phuc\Desktop\Yes Bike - Final Files\YesBike\Design01.cydsn\Export\ARM_GCC_Generic">
        <Files Root="C:\Users\Phuc\Desktop\Yes Bike - Final Files\YesBike\Design01.cydsn">
          <File BuildType="BUILD" Toolchain="ARM GCC Generic">.\Export\ARM_GCC_Generic\CyComponentLibrary.a</File>
        </Files>
      </Folder>
      <Folder BuildType="STRICT" Path="C:\Users\Phuc\Desktop\Yes Bike - Final Files\YesBike\Design01.cydsn\Export\ARM_MDK_Generic\BLE_v3_10">
        <Files Root="C:\Users\Phuc\Desktop\Yes Bike - Final Files\YesBike\Design01.cydsn">
          <File BuildType="BUILD" Toolchain="ARM MDK Generic">.\Export\ARM_MDK_Generic\BLE_v3_10\mdkCyBLEStack_BLE_SOC_PERIPHERAL.a</File>
        </Files>
      </Folder>
      <Folder BuildType="STRICT" Path="C:\Users\Phuc\Desktop\Yes Bike - Final Files\YesBike\Design01.cydsn\Export\ARM_MDK_Generic">
        <Files Root="C:\Users\Phuc\Desktop\Yes Bike - Final Files\YesBike\Design01.cydsn">
          <File BuildType="BUILD" Toolchain="ARM MDK Generic">.\Export\ARM_MDK_Generic\CyComponentLibrary.a</File>
        </Files>
      </Folder>
      <Folder BuildType="STRICT" Path="C:\Users\Phuc\Desktop\Yes Bike - Final Files\YesBike\Design01.cydsn\Export\ARM_IAR_Generic\BLE_v3_10">
        <Files Root="C:\Users\Phuc\Desktop\Yes Bike - Final Files\YesBike\Design01.cydsn">
          <File BuildType="BUILD" Toolchain="ARM IAR Generic">.\Export\ARM_IAR_Generic\BLE_v3_10\mdkCyBLEStack_BLE_SOC_PERIPHERAL.a</File>
        </Files>
      </Folder>
      <Folder BuildType="STRICT" Path="C:\Users\Phuc\Desktop\Yes Bike - Final Files\YesBike\Design01.cydsn\Export\ARM_IAR_Generic">
        <Files Root="C:\Users\Phuc\Desktop\Yes Bike - Final Files\YesBike\Design01.cydsn">
          <File BuildType="BUILD" Toolchain="ARM IAR Generic">.\Export\ARM_IAR_Generic\CyComponentLibrary.a</File>
        </Files>
      </Folder>
      <Folder BuildType="EXCLUDE" Path=".\codegentemp">
        <Files Root="C:\Users\Phuc\Desktop\Yes Bike - Final Files\YesBike\Design01.cydsn" />
      </Folder>
      <Folder BuildType="EXCLUDE" Path=".\ARM_GCC_441">
        <Files Root="C:\Users\Phuc\Desktop\Yes Bike - Final Files\YesBike\Design01.cydsn" />
      </Folder>
      <Folder BuildType="EXCLUDE" Path=".\ARM_GCC_473">
        <Files Root="C:\Users\Phuc\Desktop\Yes Bike - Final Files\YesBike\Design01.cydsn" />
      </Folder>
      <Folder BuildType="EXCLUDE" Path=".\DP8051_Keil_952">
        <Files Root="C:\Users\Phuc\Desktop\Yes Bike - Final Files\YesBike\Design01.cydsn" />
      </Folder>
      <Folder BuildType="EXCLUDE" Path=".\DP8051">
        <Files Root="C:\Users\Phuc\Desktop\Yes Bike - Final Files\YesBike\Design01.cydsn" />
      </Folder>
      <Folder BuildType="EXCLUDE" Path=".\CortexM0">
        <Files Root="C:\Users\Phuc\Desktop\Yes Bike - Final Files\YesBike\Design01.cydsn" />
      </Folder>
      <Folder BuildType="EXCLUDE" Path=".\CortexM0p">
        <Files Root="C:\Users\Phuc\Desktop\Yes Bike - Final Files\YesBike\Design01.cydsn" />
      </Folder>
      <Folder BuildType="EXCLUDE" Path=".\CortexM3">
        <Files Root="C:\Users\Phuc\Desktop\Yes Bike - Final Files\YesBike\Design01.cydsn" />
      </Folder>
      <Folder BuildType="EXCLUDE" Path=".\CortexM4">
        <Files Root="C:\Users\Phuc\Desktop\Yes Bike - Final Files\YesBike\Design01.cydsn" />
      </Folder>
      <Folder BuildType="EXCLUDE" Path=".\CortexM7">
        <Files Root="C:\Users\Phuc\Desktop\Yes Bike - Final Files\YesBike\Design01.cydsn" />
      </Folder>
      <Folder BuildType="EXCLUDE" Path=".\Generated_Source\PSoC3">
        <Files Root="C:\Users\Phuc\Desktop\Yes Bike - Final Files\YesBike\Design01.cydsn" />
      </Folder>
      <Folder BuildType="EXCLUDE" Path=".\Generated_Source\PSoC5">
        <Files Root="C:\Users\Phuc\Desktop\Yes Bike - Final Files\YesBike\Design01.cydsn" />
      </Folder>
    </Folders>
  </Project>
</PSoCCreatorIdeExport>